player_id,player_name,team_name,team_id,position,age,player_country,height,preferred_foot,league,season,minutes_played,appearances,meets_minutes_threshold,multi_team,accurate_long_balls_per90,accurate_passes_per90,appearances_per90,assists_per90,big_chances_created_per90,big_chances_missed_per90,clearances_per90,expected_assists_per90,expected_goals_per90,free_kick_goal_per90,goals_assists_sum_per90,goals_per90,interceptions_per90,key_passes_per90,penalty_goals_per90,possession_lost_per90,red_cards_per90,saves_per90,shots_on_target_per90,successful_dribbles_per90,tackles_per90,total_shots_per90,yellow_cards_per90,rating,accurate_passes_percentage,accurate_long_balls_percentage,successful_dribbles_percentage,scoring_frequency,goals_prevented,goals,assists,expected_goals,expected_assists,goals_assists_sum,penalty_goals,free_kick_goal,total_shots,shots_on_target,big_chances_created,big_chances_missed,accurate_passes,key_passes,accurate_long_balls,successful_dribbles,tackles,interceptions,clearances,possession_lost,yellow_cards,red_cards,saves,scraped_at,tournament_id,season_id
151545,Virgil van Dijk,Liverpool FC,44,D,34,Netherlands,195.0,Right,premier_league,25/26,20520,228,True,True,3.6052631578947367,65.39473684210526,1.0,0.0,0.0,0.21052631578947367,7.2368421052631575,0.035526315789473684,0.09921052631578947,0.0,0.15789473684210525,0.15789473684210525,0.7368421052631579,0.3157894736842105,0.0,8.605263157894736,0.0,0.0,0.3684210526315789,0.05263157894736842,0.5789473684210527,0.7894736842105263,0.10526315789473684,7.260000000000001,89.0,45.97,100.0,570.0,0.0,36,0,22.62,8.1,36,0,0,180,84,0,48,14910,72,822,12,132,168,1650,1962,24,0,0,2026-06-25T08:40:23.198813+00:00,17,76986
994363,Bart Verbruggen,Brighton & Hove Albion,30,G,23,Netherlands,193.0,Right,premier_league,25/26,20520,228,True,True,5.184210526315789,31.0,1.0,0.0,0.0,0.0,0.8421052631578947,0.0028947368421052633,0.0,0.0,0.0,0.0,0.0,0.02631578947368421,0.0,9.947368421052632,0.0,2.789473684210526,0.0,0.02631578947368421,0.02631578947368421,0.0,0.07894736842105263,7.039999999999999,76.05,34.99,100.0,0.0,2.03,0,0,0.0,0.66,0,0,0,0,0,0,0,7068,6,1182,6,6,0,192,2268,18,0,636,2026-06-25T08:40:23.198813+00:00,17,76986
138530,Jordan Pickford,Everton,48,G,32,England,185.0,Left,premier_league,25/26,20520,228,True,True,9.526315789473685,23.31578947368421,1.0,0.0,0.02631578947368421,0.0,1.368421052631579,0.00631578947368421,0.0,0.0,0.0,0.0,0.0,0.05263157894736842,0.0,14.789473684210526,0.0,2.6315789473684212,0.0,0.0,0.05263157894736842,0.0,0.10526315789473684,7.010000000000001,61.56999999999999,39.74000000000001,0.0,0.0,2.77,0,0,0.0,1.44,0,0,0,0,0,6,0,5316,12,2172,0,12,0,312,3372,24,0,600,2026-06-25T08:40:23.198813+00:00,17,76986
103335,Bernd Leno,Fulham,43,G,34,Germany,190.0,Right,premier_league,25/26,20520,228,True,True,4.552631578947368,28.36842105263158,1.0,0.0,0.0,0.0,1.1842105263157894,0.0010526315789473684,0.0,0.0,0.0,0.0,0.02631578947368421,0.0,0.0,8.657894736842104,0.0,2.5789473684210527,0.0,0.0,0.10526315789473684,0.0,0.07894736842105263,6.930000000000001,77.33,35.6,0.0,0.0,-6.019999999999999,0,0,0.0,0.24000000000000002,0,0,0,0,0,0,0,6468,0,1038,0,24,6,270,1974,18,0,588,2026-06-25T08:40:23.198813+00:00,17,76986
882604,Đorđe Petrović,Bournemouth,60,G,26,Serbia,194.0,Right,premier_league,25/26,20520,228,True,True,3.8421052631578947,15.263157894736842,1.0,0.0,0.0,0.0,1.631578947368421,0.0005263157894736842,0.0,0.0,0.0,0.0,0.0,0.0,0.0,8.710526315789474,0.0,2.8684210526315788,0.0,0.0,0.0,0.0,0.07894736842105263,6.87,64.36999999999999,31.6,0.0,0.0,-2.98,0,0,0.0,0.12000000000000001,0,0,0,0,0,0,0,3480,0,876,0,0,0,372,1986,18,0,654,2026-06-25T08:40:23.198813+00:00,17,76986
927361,James Garner,Everton,48,M,25,England,182.0,Right,premier_league,25/26,20484,228,True,True,1.5817223198594026,41.23022847100176,1.0017574692442883,0.18453427065026362,0.3163444639718805,0.0,2.240773286467487,0.15685413005272408,0.05351493848857644,0.0,0.23725834797891038,0.05272407732864675,1.555360281195079,1.476274165202109,0.0,12.627416520210897,0.0,0.0,0.36906854130052724,0.47451669595782076,3.163444639718805,1.1862917398945518,0.3163444639718805,7.23,87.23,45.79999999999999,52.94,1707.0,0.0,12,42,12.179999999999998,35.7,54,0,0,270,84,72,0,9384,336,360,108,720,354,510,2874,72,0,0,2026-06-25T08:40:23.198813+00:00,17,76986
552884,Jarrod Bowen,West Ham United,37,M,29,England,174.0,Left,premier_league,25/26,20430,228,True,True,0.42290748898678415,15.462555066079295,1.0044052863436124,0.2907488986784141,0.42290748898678415,0.13215859030837004,1.0308370044052864,0.13850220264317184,0.19189427312775328,0.0,0.5286343612334802,0.23788546255506607,0.7136563876651982,1.1894273127753303,0.02643171806167401,15.145374449339206,0.0,0.0,0.7400881057268722,1.4008810572687225,1.3215859030837005,2.0881057268722465,0.13215859030837004,7.01,73.77000000000001,35.56,44.92,378.33000000000004,0.0,54,66,43.559999999999995,31.440000000000005,120,6,0,474,168,96,30,3510,270,96,318,300,162,234,3438,30,0,0,2026-06-25T08:40:23.198813+00:00,17,76986
999028,Adrien Truffert,Bournemouth,60,D,24,France,176.0,Left,premier_league,25/26,20280,228,True,True,1.0118343195266273,34.66863905325444,1.0118343195266273,0.1331360946745562,0.10650887573964496,0.02662721893491124,3.8076923076923075,0.0793491124260355,0.03621301775147929,0.0,0.15976331360946744,0.02662721893491124,1.2781065088757395,0.8520710059171597,0.0,13.473372781065088,0.0,0.0,0.15976331360946744,0.8786982248520709,2.7426035502958577,0.42603550295857984,0.1331360946745562,6.790000000000001,83.46000000000001,31.669999999999998,45.21,3380.0,0.0,6,30,8.16,17.88,36,0,0,96,36,24,6,7812,192,228,198,618,288,858,3036,30,0,0,2026-06-25T08:40:23.198813+00:00,17,76986
836168,Nikola Milenković,Nottingham Forest,14,D,28,Serbia,195.0,Right,premier_league,25/26,20250,228,True,True,2.24,35.54666666666667,1.0133333333333334,0.0,0.02666666666666667,0.05333333333333334,5.8133333333333335,0.0192,0.0224,0.0,0.0,0.0,0.7733333333333333,0.08,0.0,5.973333333333334,0.0,0.0,0.02666666666666667,0.08,0.8266666666666667,0.4266666666666667,0.16,6.81,86.61,41.38,100.0,0.0,0.0,0,0,5.04,4.319999999999999,0,0,0,96,6,6,12,7998,18,504,18,186,174,1308,1344,36,0,0,2026-06-25T08:40:23.198813+00:00,17,76986
994546,Elliot Anderson,Nottingham Forest,14,M,23,England,179.0,Right,premier_league,25/26,20004,228,True,True,3.212357528494301,55.01499700059988,1.0257948410317936,0.10797840431913616,0.24295140971805637,0.02699460107978404,1.322735452909418,0.12930413917216554,0.07828434313137371,0.0,0.21595680863827232,0.10797840431913616,1.1067786442711458,1.4847030593881223,0.02699460107978404,17.708458308338333,0.0,0.0,0.2699460107978404,1.349730053989202,2.8074385122975403,1.1877624475104978,0.21595680863827232,7.340000000000001,85.52,53.36,54.349999999999994,833.5,0.0,24,24,17.4,28.74,48,6,0,264,60,54,6,12228,330,714,300,624,246,294,3936,48,0,0,2026-06-25T08:40:23.198813+00:00,17,76986
145188,James Tarkowski,Everton,48,D,33,England,185.0,Right,premier_league,25/26,19980,222,True,True,2.7027027027027026,33.972972972972975,1.0,0.08108108108108109,0.05405405405405406,0.10810810810810811,6.54054054054054,0.055945945945945944,0.07432432432432433,0.0,0.13513513513513514,0.05405405405405406,0.8648648648648649,0.5135135135135135,0.0,8.972972972972974,0.0,0.0,0.2702702702702703,0.10810810810810811,1.3783783783783783,0.5675675675675675,0.21621621621621623,7.15,80.62999999999998,41.15,50.0,1665.0,0.0,12,18,16.5,12.42,30,0,0,126,60,12,24,7542,114,600,24,306,192,1452,1992,48,0,0,2026-06-25T08:40:23.198813+00:00,17,76986
827362,Caoimhin Kelleher,Brentford,50,G,27,Ireland,188.0,Right,premier_league,25/26,19980,222,True,True,6.702702702702703,22.83783783783784,1.0,0.0,0.0,0.0,1.2702702702702702,0.007027027027027027,0.0,0.0,0.0,0.0,0.02702702702702703,0.08108108108108109,0.0,12.432432432432432,0.0,2.972972972972973,0.0,0.08108108108108109,0.02702702702702703,0.0,0.02702702702702703,7.05,65.25,35.63,100.0,0.0,-0.11000000000000001,0,0,0.0,1.56,0,0,0,0,0,0,0,5070,18,1488,18,6,6,282,2760,6,0,660,2026-06-25T08:40:23.198813+00:00,17,76986
788134,Dean Henderson,Crystal Palace,7,G,29,England,188.0,Right,premier_league,25/26,19980,222,True,True,4.702702702702703,16.18918918918919,1.0,0.0,0.0,0.0,1.4594594594594594,0.0035135135135135136,0.0,0.0,0.0,0.0,0.05405405405405406,0.02702702702702703,0.0,14.108108108108109,0.0,2.864864864864865,0.0,0.02702702702702703,0.02702702702702703,0.0,0.13513513513513514,6.93,53.720000000000006,25.25,100.0,0.0,1.5699999999999998,0,0,0.0,0.78,0,0,0,0,0,0,0,3594,6,1044,6,6,12,324,3132,30,0,636,2026-06-25T08:40:23.198813+00:00,17,76986
581310,David Raya,Arsenal,42,G,30,Spain,183.0,Right,premier_league,25/26,19980,222,True,True,5.297297297297297,19.10810810810811,1.0,0.0,0.0,0.0,1.0,0.003243243243243243,0.0,0.0,0.0,0.0,0.02702702702702703,0.08108108108108109,0.0,10.675675675675675,0.0,1.6216216216216217,0.0,0.02702702702702703,0.02702702702702703,0.0,0.02702702702702703,6.9,64.8,34.21,100.0,0.0,-1.1300000000000001,0,0,0.0,0.72,0,0,0,0,0,0,0,4242,18,1176,6,6,6,222,2370,6,0,360,2026-06-25T08:40:23.198813+00:00,17,76986
830659,Marcos Senesi,Bournemouth,60,D,29,Argentina,184.0,Left,premier_league,25/26,19740,222,True,True,4.978723404255319,49.26747720364742,1.012158054711246,0.13677811550151975,0.19148936170212766,0.0547112462006079,6.920972644376899,0.12775075987841947,0.041580547112462,0.0,0.13677811550151975,0.0,1.5319148936170213,0.6565349544072948,0.0,16.41337386018237,0.0,0.0,0.13677811550151975,0.1641337386018237,1.6960486322188448,0.46504559270516715,0.2188449848024316,7.24,77.66,38.160000000000004,66.67,0.0,0.0,0,30,9.12,28.020000000000003,30,0,0,102,30,42,12,10806,144,1092,36,372,336,1518,3600,48,0,0,2026-06-25T08:40:23.198813+00:00,17,76986
948261,Morgan Rogers,Aston Villa,40,M,23,England,187.0,Right,premier_league,25/26,19710,222,True,True,1.0136986301369864,21.835616438356166,1.0136986301369864,0.1643835616438356,0.3561643835616438,0.1095890410958904,0.8767123287671232,0.1178082191780822,0.18575342465753425,0.0273972602739726,0.4383561643835616,0.273972602739726,0.3561643835616438,1.2876712328767124,0.0,16.958904109589042,0.0,0.0,0.8767123287671232,1.1506849315068493,1.1506849315068493,2.3013698630136985,0.1917808219178082,6.85,74.63,61.669999999999995,35.59,328.5,0.0,60,36,40.68,25.8,96,0,6,504,192,78,24,4782,282,222,252,252,78,192,3714,42,0,0,2026-06-25T08:40:23.198813+00:00,17,76986
1016907,Igor Thiago,Brentford,50,F,25,Brazil,191.0,Right,premier_league,25/26,19704,228,True,True,0.35627283800243603,11.94884287454324,1.0414129110840438,0.02740560292326431,0.16443361753958588,0.5481120584652862,1.7539585870889158,0.05152253349573689,0.5637332521315468,0.0,0.6303288672350792,0.6029232643118149,0.32886723507917176,0.6577344701583435,0.21924482338611448,10.605968331303288,0.0,0.0,1.1784409257003654,0.794762484774665,1.0414129110840438,2.302070645554202,0.19183922046285018,6.92,69.21,52.0,54.720000000000006,149.27000000000004,0.0,132,6,123.41999999999999,11.279999999999998,138,48,0,504,258,36,120,2616,144,78,174,228,72,384,2322,42,0,0,2026-06-25T08:40:23.198813+00:00,17,76986
1137431,Michael Kayode,Brentford,50,D,21,Italy,179.0,Right,premier_league,25/26,19584,222,True,True,1.0477941176470589,26.746323529411764,1.0202205882352942,0.027573529411764705,0.11029411764705882,0.027573529411764705,2.729779411764706,0.07720588235294118,0.03253676470588235,0.0,0.05514705882352941,0.027573529411764705,1.0477941176470589,0.9926470588235294,0.0,14.420955882352942,0.0,0.0,0.08272058823529412,1.5165441176470589,1.8474264705882353,0.24816176470588236,0.22058823529411764,6.860000000000001,85.01000000000002,44.709999999999994,51.4,3264.0,0.0,6,6,7.079999999999999,16.8,12,0,0,54,18,24,6,5820,216,228,330,402,228,594,3138,48,0,0,2026-06-25T08:40:23.198813+00:00,17,76986
988275,Tyrick Mitchell,Crystal Palace,7,M,26,England,174.0,Left,premier_league,25/26,19518,228,True,True,1.0790039963110973,22.382416231171227,1.0513372271749155,0.05533353827236397,0.11066707654472795,0.08300030740854596,2.7666769136181983,0.0697202582231786,0.044543498309253,0.0,0.08300030740854596,0.027666769136181987,0.9406701506301874,0.8023363049492775,0.0,14.414386719950814,0.0,0.0,0.1936673839532739,0.4150015370427298,2.7943436827543806,0.5256686135874578,0.1660006148170919,6.81,73.08,26.71,34.88,3253.0,0.0,6,12,9.66,15.12,18,0,0,114,42,24,18,4854,174,234,90,606,204,600,3126,36,0,0,2026-06-25T08:40:23.198813+00:00,17,76986
869856,Dominik Szoboszlai,Liverpool FC,44,M,25,Hungary,187.0,Right,premier_league,25/26,19398,216,True,True,3.6189297865759356,53.42097123414785,1.0021651716671822,0.19486545004639655,0.3897309000927931,0.11135168574079803,1.6145994432415713,0.18957624497370862,0.1350139189607176,0.11135168574079803,0.36189297865759357,0.16702752861119705,0.8351376430559851,2.1713578719455615,0.0,14.447881224868544,0.027837921435199506,0.0,0.6402721930095886,0.7237859573151871,1.5589236003711724,1.9764924218991649,0.22270337148159605,7.179999999999999,87.75,62.2,52.0,538.83,0.0,36,42,29.1,40.86,78,0,24,426,138,84,24,11514,468,780,156,336,180,348,3114,48,6,0,2026-06-25T08:40:23.198813+00:00,17,76986
190839,Luke Shaw,Manchester United,35,D,30,England,178.0,Left,premier_league,25/26,19386,228,True,True,1.6434540389972145,41.39275766016713,1.0584958217270195,0.027855153203342618,0.027855153203342618,0.0,2.6462395543175488,0.05515320334261839,0.019777158774373256,0.0,0.055710306406685235,0.027855153203342618,1.2813370473537604,0.4456824512534819,0.0,9.637883008356546,0.0,0.0,0.08356545961002786,0.2785515320334262,2.0612813370473537,0.2785515320334262,0.25069637883008355,6.7,86.8,49.57999999999999,50.0,3231.0,0.0,6,6,4.26,11.88,12,0,0,60,18,6,0,8916,96,354,60,444,276,570,2076,54,0,0,2026-06-25T08:40:23.198813+00:00,17,76986
962012,Jan Paul van Hecke,Brighton & Hove Albion,30,D,26,Netherlands,189.0,Right,premier_league,25/26,19266,216,True,True,3.727810650887574,61.60697601993149,1.009031454375584,0.08408595453129866,0.05605730302086578,0.08408595453129866,5.297415135471816,0.04540641544690129,0.09249454998442853,0.0,0.16817190906259732,0.08408595453129866,1.3173466209903457,0.3643724696356275,0.0,10.258486452818437,0.0,0.0,0.2802865151043289,0.08408595453129866,1.485518530052943,0.6446589847399564,0.252257863593896,7.24,87.18999999999998,47.16,60.0,1070.33,0.0,18,18,19.8,9.720000000000002,36,0,0,138,60,12,18,13188,78,798,18,318,282,1134,2196,54,0,0,2026-06-25T08:40:23.198813+00:00,17,76986
927356,Neco Williams,Nottingham Forest,14,D,25,Wales,183.0,Right,premier_league,25/26,19236,222,True,True,1.3194011228945728,30.43044291952589,1.0386774797255147,0.08421709295071741,0.140361821584529,0.056144728633811605,2.470368059887711,0.11116656269494699,0.055302557704304436,0.0,0.140361821584529,0.056144728633811605,1.3194011228945728,1.0386774797255147,0.0,15.411728009981285,0.028072364316905803,0.0,0.5333749220212103,0.8702432938240799,2.6949469744229573,1.291328758577667,0.16843418590143483,6.890000000000001,81.80999999999999,31.330000000000002,43.66,1603.0,0.0,12,18,11.82,23.76,30,0,0,276,114,30,12,6504,222,282,186,576,282,528,3294,36,6,0,2026-06-25T08:40:23.198813+00:00,17,76986
934354,Antoine Semenyo,Manchester City,17,M,26,Ghana,185.0,Right,premier_league,25/26,19200,222,True,True,0.73125,21.065625,1.040625,0.11249999999999999,0.22499999999999998,0.196875,0.8156249999999999,0.08775000000000001,0.31190625,0.028124999999999997,0.590625,0.47812499999999997,0.365625,1.096875,0.028124999999999997,14.625,0.0,0.0,1.153125,1.6593749999999998,1.265625,2.334375,0.196875,7.02,80.02,50.0,44.36,188.24,0.0,102,24,66.54,18.720000000000002,126,6,6,498,246,48,42,4494,234,156,354,270,78,174,3120,42,0,0,2026-06-25T08:40:23.198813+00:00,17,76986
877994,Marc Guéhi,Manchester City,17,D,25,England,182.0,Right,premier_league,25/26,18900,210,True,True,2.2,59.142857142857146,1.0,0.08571428571428572,0.14285714285714285,0.17142857142857143,4.685714285714286,0.06628571428571428,0.11771428571428573,0.0,0.17142857142857143,0.08571428571428572,1.4285714285714286,0.5142857142857142,0.0,8.571428571428571,0.0,0.0,0.2571428571428571,0.2,1.3142857142857143,0.9142857142857143,0.17142857142857143,7.3,89.65,40.96,63.64,1050.0,0.0,18,18,24.720000000000002,13.92,36,0,0,192,54,30,36,12420,108,462,42,276,300,984,1800,36,0,0,2026-06-25T08:40:23.198813+00:00,17,76986
42209,Martin Dúbravka,Burnley,6,G,37,Slovakia,190.0,Right,premier_league,25/26,18900,210,True,True,7.2,20.02857142857143,1.0,0.0,0.0,0.0,1.6857142857142857,0.002,0.0,0.0,0.0,0.0,0.0,0.0,0.0,14.571428571428571,0.0,3.6285714285714286,0.0,0.0,0.02857142857142857,0.0,0.02857142857142857,6.98,58.22,33.78,0.0,0.0,-3.31,0,0,0.0,0.42000000000000004,0,0,0,0,0,0,0,4206,0,1512,0,6,0,354,3060,6,0,762,2026-06-25T08:40:23.198813+00:00,17,76986
1012928,Robin Roefs,Sunderland,41,G,23,Netherlands,193.0,Left,premier_league,25/26,18900,210,True,True,5.8,24.02857142857143,1.0,0.0,0.02857142857142857,0.0,1.0571428571428572,0.004285714285714286,0.0,0.0,0.0,0.0,0.0,0.14285714285714285,0.0,14.0,0.0,3.1142857142857143,0.0,0.02857142857142857,0.0,0.0,0.11428571428571428,6.96,63.66,29.94,100.0,0.0,-1.77,0,0,0.0,0.9,0,0,0,0,0,6,0,5046,30,1218,6,0,0,222,2940,24,0,654,2026-06-25T08:40:23.198813+00:00,17,76986
825844,Ferdi Kadıoğlu,Brighton & Hove Albion,30,D,26,Türkiye,174.0,Right,premier_league,25/26,18804,222,True,True,1.2635609444798979,33.599234205488195,1.0625398851308232,0.0,0.0574345883854499,0.08615188257817485,2.3261008296107213,0.09562858966177408,0.05829610721123164,0.0,0.02871729419272495,0.02871729419272495,0.7466496490108487,0.6317804722399489,0.0,11.31461391193363,0.0,0.0,0.37332482450542437,0.3446075303126994,1.6368857689853222,0.8040842373962986,0.1723037651563497,6.809999999999999,85.59,47.31,54.54999999999999,3134.0,0.0,6,0,12.179999999999998,19.979999999999997,6,0,0,168,78,12,18,7020,132,264,72,342,156,486,2364,36,0,0,2026-06-25T08:40:23.198813+00:00,17,76986
998253,Jake O'Brien,Everton,48,D,25,Ireland,197.0,Right,premier_league,25/26,18786,222,True,True,1.1785372085595658,22.93835835196423,1.0635579687000958,0.028744809964867456,0.0,0.028744809964867456,4.139252634940914,0.028457361865218782,0.05001596933886937,0.0,0.05748961992973491,0.028744809964867456,0.43117214947301186,0.48866176940274675,0.0,13.682529543276909,0.028744809964867456,0.0,0.17246885978920473,0.17246885978920473,1.638454167997445,0.3736825295432769,0.17246885978920473,6.6899999999999995,73.96,30.830000000000002,30.0,3131.0,0.0,6,6,10.44,5.94,12,0,0,78,36,0,6,4788,102,246,36,342,90,864,2856,36,6,0,2026-06-25T08:40:23.198813+00:00,17,76986
847097,Ethan Ampadu,Leeds United,34,M,25,Wales,182.0,Right,premier_league,25/26,18738,210,True,True,2.3919308357348705,42.70893371757926,1.0086455331412105,0.028818443804034585,0.028818443804034585,0.08645533141210375,2.3919308357348705,0.06484149855907781,0.07204610951008646,0.0,0.05763688760806917,0.028818443804034585,1.4409221902017293,0.5763688760806917,0.0,12.507204610951009,0.0,0.0,0.1729106628242075,0.345821325648415,2.3342939481268012,0.7492795389048992,0.2881844380403458,7.129999999999999,85.62,52.529999999999994,70.59,3123.0,0.0,6,6,15.0,13.5,12,0,0,156,36,6,18,8892,120,498,72,486,300,498,2604,60,0,0,2026-06-25T08:40:23.198813+00:00,17,76986
974505,Enzo Fernández,Chelsea,38,M,25,Argentina,177.0,Right,premier_league,25/26,18726,216,True,True,2.739506568407562,50.6087792374239,1.038128804870234,0.11534764498558155,0.3172060237103492,0.2595322012175585,0.8074335148990708,0.20906760653636655,0.3255687279718039,0.028836911246395387,0.4037167574495354,0.28836911246395386,0.6055751361743031,1.9897468760012818,0.05767382249279077,14.331944889458507,0.0,0.0,0.8939442486382569,0.37487984620314,1.5283562960589554,2.076257609740468,0.28836911246395386,7.1499999999999995,86.02999999999999,60.13000000000001,27.08,312.09999999999997,0.0,60,24,67.74,43.5,84,12,6,432,186,66,54,10530,414,570,78,318,126,168,2982,60,0,0,2026-06-25T08:40:23.198813+00:00,17,76986
865912,Morgan Gibbs-White,Nottingham Forest,14,M,26,England,171.0,Right,premier_league,25/26,18660,222,True,True,1.215434083601286,28.360128617363344,1.0707395498392283,0.1157556270096463,0.14469453376205788,0.28938906752411575,0.9260450160771704,0.0845016077170418,0.3136977491961415,0.028938906752411574,0.5498392282958199,0.4340836012861736,0.37620578778135044,1.4180064308681672,0.028938906752411574,12.588424437299034,0.0,0.0,0.9260450160771704,0.8681672025723473,0.5787781350482315,2.4019292604501605,0.028938906752411574,6.92,81.13,56.0,47.61999999999999,207.32999999999998,0.0,90,24,65.04,17.52,114,6,6,498,192,30,60,5880,294,252,180,120,78,192,2610,6,0,0,2026-06-25T08:40:23.198813+00:00,17,76986
826215,Ibrahima Konaté,Liverpool FC,44,D,27,France,195.0,Right,premier_league,25/26,18600,216,True,True,1.9161290322580646,56.40967741935484,1.0451612903225806,0.0,0.05806451612903226,0.05806451612903226,5.516129032258065,0.02845161290322581,0.03512903225806452,0.0,0.02903225806451613,0.02903225806451613,0.8419354838709677,0.23225806451612904,0.0,7.548387096774194,0.0,0.0,0.11612903225806452,0.14516129032258066,1.538709677419355,0.34838709677419355,0.20322580645161292,7.06,89.62,45.83,71.43,3100.0,0.0,6,0,7.26,5.880000000000001,6,0,0,72,24,12,12,11658,48,396,30,318,174,1140,1560,42,0,0,2026-06-25T08:40:23.198813+00:00,17,76986
856714,Declan Rice,Arsenal,42,M,27,England,188.0,Right,premier_league,25/26,18594,216,True,True,2.5556631171345594,54.16263310745402,1.0454985479186836,0.14520813165537272,0.4937076476282672,0.08712487899322362,2.265246853823814,0.2021297192642788,0.0920619554695063,0.0,0.2613746369796709,0.11616650532429816,1.074540174249758,1.8586640851887706,0.0,14.46272991287512,0.0,0.0,0.377541142303969,0.40658276863504356,2.032913843175218,1.1616650532429817,0.08712487899322362,7.460000000000001,87.30999999999999,48.09,50.0,774.75,0.0,24,30,19.02,41.76,54,0,0,240,78,102,18,11190,384,528,84,420,222,468,2988,18,0,0,2026-06-25T08:40:23.198813+00:00,17,76986
44614,Kyle Walker,Burnley,6,D,36,England,183.0,Right,premier_league,25/26,18582,216,True,True,2.731675815305134,32.40232483048111,1.0461737164998386,0.05812076202776881,0.08718114304165321,0.0,2.964158863416209,0.03894091055860511,0.004649660962221505,0.0,0.05812076202776881,0.0,1.3077171456247982,0.37778495318049726,0.0,16.36099451081692,0.0,0.0,0.0,0.37778495318049726,1.6273813367775267,0.11624152405553762,0.26154342912495965,6.61,77.37999999999998,39.66,48.150000000000006,0.0,0.0,0,12,0.9600000000000001,8.040000000000001,12,0,0,24,0,18,0,6690,78,564,78,336,270,612,3378,54,0,0,2026-06-25T08:40:23.198813+00:00,17,76986
879674,Maxence Lacroix,Crystal Palace,7,D,26,France,192.0,Right,premier_league,25/26,18522,210,True,True,2.4489795918367347,42.56559766763848,1.0204081632653061,0.05830903790087463,0.08746355685131195,0.05830903790087463,7.346938775510203,0.025947521865889212,0.0693877551020408,0.0,0.08746355685131195,0.029154518950437316,1.3119533527696792,0.2040816326530612,0.0,6.763848396501458,0.029154518950437316,0.0,0.2040816326530612,0.2040816326530612,1.749271137026239,0.6997084548104956,0.11661807580174927,6.89,88.15999999999998,49.12,63.63999999999999,3087.0,0.0,6,12,14.279999999999998,5.34,18,0,0,144,42,18,12,8760,42,504,42,360,270,1512,1392,24,6,0,2026-06-25T08:40:23.198813+00:00,17,76986
288205,Bruno Fernandes,Manchester United,35,M,31,Portugal,179.0,Right,premier_league,25/26,18396,210,True,True,4.050880626223092,48.111545988258314,1.0273972602739725,0.6164383561643836,0.9686888454011742,0.23483365949119372,1.2328767123287672,0.36164383561643837,0.3179060665362035,0.029354207436399216,0.8806262230919765,0.26418786692759294,0.5870841487279843,4.021526418786693,0.11741682974559686,17.436399217221133,0.0,0.0,0.7045009784735812,0.44031311154598823,1.5851272015655578,2.4951076320939336,0.14677103718199608,7.610000000000001,82.2,60.0,41.669999999999995,340.67,0.0,54,126,64.98,73.92,180,24,6,510,144,198,48,9834,822,828,90,324,120,252,3564,30,0,0,2026-06-25T08:40:23.198813+00:00,17,76986
824509,Gianluigi Donnarumma,Manchester City,17,G,27,Italy,196.0,Right,premier_league,25/26,18360,204,True,True,3.764705882352941,20.764705882352942,1.0,0.0,0.0,0.0,1.2647058823529411,0.004411764705882353,0.0,0.0,0.0,0.0,0.029411764705882353,0.029411764705882353,0.0,5.264705882352941,0.0,2.2941176470588234,0.0,0.058823529411764705,0.0,0.0,0.23529411764705882,7.019999999999999,80.32,43.39,100.0,0.0,5.8100000000000005,0,0,0.0,0.9,0,0,0,0,0,0,0,4236,6,768,12,0,6,258,1074,48,0,468,2026-06-25T08:40:23.198813+00:00,17,76986
998247,Micky van de Ven,Tottenham Hotspur,33,D,25,Netherlands,193.0,Left,premier_league,25/26,18258,210,True,True,2.011173184357542,47.35129806112389,1.035162668419323,0.029576076240552085,0.029576076240552085,0.029576076240552085,3.8744659875123233,0.010943148209004272,0.07482747288859677,0.0,0.14788038120276042,0.11830430496220834,0.6506736772921459,0.1774564574433125,0.0,6.003943476832073,0.029576076240552085,0.0,0.1774564574433125,0.32533683864607293,1.1534669733815313,0.47321721984883336,0.26618468616496876,6.73,90.45000000000002,44.74000000000001,73.33,760.75,0.0,24,6,15.179999999999998,2.22,30,0,0,96,36,6,6,9606,36,408,66,234,132,786,1218,54,6,0,2026-06-25T08:40:23.198813+00:00,17,76986
920546,Robert Sánchez,Chelsea,38,G,28,Spain,197.0,Right,premier_league,25/26,18246,210,True,True,5.889510029595528,25.777704702400527,1.035843472541927,0.029595527786912202,0.059191055573824404,0.0,0.7694837224597173,0.002071686945083854,0.0,0.0,0.029595527786912202,0.0,0.029595527786912202,0.147977638934561,0.0,13.17000986517593,0.029595527786912202,2.900361723117396,0.0,0.0,0.059191055573824404,0.0,0.08878658336073661,6.91,66.74000000000001,32.1,0.0,0.0,1.7,0,6,0.0,0.42000000000000004,6,0,0,0,0,12,0,5226,30,1194,0,12,6,156,2670,18,6,588,2026-06-25T08:40:23.198813+00:00,17,76986
989034,Trai Hume,Sunderland,41,D,24,Northern Ireland,180.0,Right,premier_league,25/26,18222,228,True,True,1.2446493249917683,23.4112611129404,1.1261112940401712,0.029634507737899243,0.029634507737899243,0.11853803095159697,2.933816266052025,0.059565360553177474,0.06371419163648337,0.0,0.08890352321369772,0.059269015475798485,0.740862693447481,0.859400724399078,0.0,13.128086927889365,0.0,0.0,0.2074415541652947,0.1481725386894962,1.9855120184392492,1.0075732630885743,0.2667105696410932,6.759999999999999,75.38000000000001,42.0,26.319999999999997,1518.5,0.0,12,6,12.9,12.059999999999999,18,0,0,204,42,6,24,4740,174,252,30,402,150,594,2658,54,0,0,2026-06-25T08:40:23.198813+00:00,17,76986
827679,Ezri Konsa,Aston Villa,40,D,28,England,183.0,Right,premier_league,25/26,18216,204,True,True,1.808300395256917,59.37747035573123,1.007905138339921,0.0,0.029644268774703556,0.029644268774703556,3.616600790513834,0.01719367588932806,0.03705533596837945,0.0,0.0,0.0,0.6818181818181818,0.1482213438735178,0.0,3.7648221343873516,0.029644268774703556,0.0,0.05928853754940711,0.23715415019762845,0.6521739130434783,0.32608695652173914,0.0,6.99,95.46999999999998,61.0,66.67,0.0,0.0,0,0,7.5,3.48,0,0,0,66,12,6,6,12018,30,366,48,132,138,732,762,0,6,0,2026-06-25T08:40:23.198813+00:00,17,76986
1142562,Mateus Fernandes,West Ham United,37,M,21,Portugal,178.0,Right,premier_league,25/26,18144,216,True,True,3.2738095238095237,40.654761904761905,1.0714285714285714,0.11904761904761905,0.08928571428571429,0.029761904761904764,1.0714285714285714,0.08839285714285715,0.05952380952380953,0.0,0.20833333333333334,0.08928571428571429,1.0416666666666667,1.1011904761904763,0.0,9.910714285714286,0.0,0.0,0.2380952380952381,0.8333333333333334,3.0654761904761907,0.8333333333333334,0.20833333333333334,7.19,87.45,61.45,58.32999999999999,1008.0,0.0,18,24,12.0,17.82,42,0,0,168,48,18,6,8196,222,660,168,618,210,216,1998,42,0,0,2026-06-25T08:40:23.198813+00:00,17,76986
833956,Matty Cash,Aston Villa,40,D,28,Poland,185.0,Right,premier_league,25/26,18120,210,True,True,1.6688741721854303,35.49337748344371,1.043046357615894,0.08940397350993377,0.11920529801324503,0.0,2.5033112582781456,0.08791390728476821,0.03546357615894039,0.0,0.17880794701986755,0.08940397350993377,0.6556291390728477,0.923841059602649,0.0,13.172185430463575,0.0,0.0,0.29801324503311255,0.32781456953642385,1.9668874172185429,0.8940397350993377,0.2682119205298013,6.83,85.5,42.42,55.0,1006.67,0.0,18,18,7.139999999999999,17.7,36,0,0,180,60,24,0,7146,186,336,66,396,132,504,2652,54,0,0,2026-06-25T08:40:23.198813+00:00,17,76986
966837,Martín Zubimendi,Arsenal,42,M,27,Spain,180.0,Right,premier_league,25/26,18006,228,True,True,1.5894701766077974,50.50316561146285,1.1396201266244586,0.029990003332222594,0.029990003332222594,0.05998000666444519,2.3392202599133625,0.06777740753082305,0.0854715094968344,0.0,0.17994001999333556,0.14995001666111296,1.1696101299566812,0.5698100633122293,0.0,9.35688103965345,0.0,0.0,0.26991002999000335,0.20993002332555816,2.0393202265911365,0.8097300899700101,0.11996001332889038,7.040000000000001,87.34,46.9,46.67000000000001,600.1999999999999,0.0,30,6,17.1,13.559999999999999,36,0,0,162,54,6,12,10104,114,318,42,408,234,468,1872,24,0,0,2026-06-25T08:40:23.198813+00:00,17,76986
904897,Ryan Gravenberch,Liverpool FC,44,M,24,Netherlands,190.0,Right,premier_league,25/26,17976,216,True,True,0.6909212283044059,49.656208277703605,1.081441922563418,0.09012016021361817,0.12016021361815755,0.0,1.5921228304405877,0.06789052069425901,0.05707610146862484,0.0,0.2403204272363151,0.15020026702269693,1.4419225634178907,0.8711615487316422,0.0,9.82309746328438,0.0,0.0,0.39052069425901204,0.9612817089452604,1.772363150867824,1.1415220293724968,0.15020026702269693,7.04,88.87,31.51,58.18,599.1999999999999,0.0,30,18,11.4,13.559999999999999,48,0,0,228,78,24,0,9918,174,138,192,354,288,318,1962,30,0,0,2026-06-25T08:40:23.198813+00:00,17,76986
958916,Nathan Collins,Brentford,50,D,25,Ireland,193.0,Right,premier_league,25/26,17832,210,True,True,2.6648721399730824,44.12180349932705,1.059892328398385,0.06056527590847914,0.15141318977119786,0.12113055181695828,6.329071332436071,0.04905787348586812,0.0690444145356662,0.0,0.09084791386271872,0.03028263795423957,1.1204576043068641,0.3331090174966353,0.0,10.084118438761777,0.0,0.0,0.18169582772543744,0.211978465679677,0.9387617765814267,0.6056527590847914,0.211978465679677,6.75,83.11,35.63,70.0,2972.0,0.0,6,12,13.679999999999998,9.720000000000002,18,0,0,120,36,30,24,8742,66,528,42,186,222,1254,1998,42,0,0,2026-06-25T08:40:23.198813+00:00,17,76986
1014286,Malick Thiaw,Newcastle United,39,D,24,Germany,194.0,Right,premier_league,25/26,17784,210,True,True,2.580971659919028,46.12348178137652,1.062753036437247,0.0,0.03036437246963563,0.18218623481781376,5.587044534412955,0.029453441295546556,0.14331983805668014,0.0,0.12145748987854252,0.12145748987854252,0.9412955465587045,0.18218623481781376,0.0,6.04251012145749,0.0,0.0,0.4251012145748988,0.24291497975708504,1.3360323886639676,0.8502024291497976,0.12145748987854252,7.02,89.61999999999999,57.43,100.0,741.0,0.0,24,0,28.319999999999997,5.819999999999999,24,0,0,168,84,6,36,9114,36,510,48,264,186,1104,1194,24,0,0,2026-06-25T08:40:23.198813+00:00,17,76986
876643,Vitaliy Mykolenko,Everton,48,D,27,Ukraine,180.0,Left,premier_league,25/26,17760,198,True,True,1.6114864864864864,28.824324324324323,1.0033783783783783,0.030405405405405404,0.030405405405405404,0.0,4.408783783783783,0.0747972972972973,0.008817567567567568,0.0,0.030405405405405404,0.0,0.9121621621621622,0.6993243243243243,0.0,14.716216216216216,0.0,0.0,0.06081081081081081,0.30405405405405406,1.5506756756756757,0.27364864864864863,0.18243243243243243,6.6899999999999995,79.8,32.52,33.33,0.0,0.0,0,6,1.74,14.760000000000002,6,0,0,54,12,6,0,5688,138,318,60,306,180,870,2904,36,0,0,2026-06-25T08:40:23.198813+00:00,17,76986
839956,Erling Haaland,Manchester City,17,F,25,Norway,194.0,Left,premier_league,25/26,17748,210,True,True,0.12170385395537527,7.667342799188641,1.0649087221095335,0.24340770791075053,0.27383367139959436,0.9127789046653144,1.2778904665314403,0.08671399594320488,0.7737322515212983,0.0,1.0649087221095335,0.821501014198783,0.15212981744421908,0.7606490872210954,0.09127789046653144,6.845841784989858,0.0,0.0,1.795131845841785,0.5172413793103449,0.4563894523326572,3.8336713995943206,0.06085192697768763,7.31,65.63,28.57,53.13,109.55999999999999,0.0,162,48,152.58,17.1,210,18,0,756,354,54,180,1512,150,24,102,90,30,252,1350,12,0,0,2026-06-25T08:40:23.198813+00:00,17,76986
828640,Joe Rodon,Leeds United,34,D,28,Wales,193.0,Right,premier_league,25/26,17718,210,True,True,1.1581442600745004,38.614967829326105,1.0667118184896716,0.0,0.030477480528276327,0.030477480528276327,5.638333897731121,0.017372163901117503,0.04297324754486962,0.0,0.06095496105655265,0.06095496105655265,0.8838469353200135,0.2742973247544869,0.0,7.2841178462580425,0.0,0.0,0.2133423636979343,0.030477480528276327,1.127666779546224,0.5485946495089739,0.09143244158482898,6.700000000000001,87.38,40.0,50.0,1476.5,0.0,12,0,8.459999999999999,3.4199999999999995,12,0,0,108,42,6,6,7602,54,228,6,222,174,1110,1434,18,0,0,2026-06-25T08:40:23.198813+00:00,17,76986
984014,Enzo Le Fée,Sunderland,41,M,26,France,173.0,Right,premier_league,25/26,17664,216,True,True,1.0088315217391304,27.697010869565215,1.1005434782608694,0.18342391304347824,0.3974184782608695,0.03057065217391304,1.1005434782608694,0.18097826086956523,0.1577445652173913,0.0,0.33627717391304346,0.15285326086956522,0.8865489130434782,1.6202445652173911,0.09171195652173912,13.206521739130434,0.0,0.0,0.3668478260869565,0.3974184782608695,2.7207880434782608,1.1005434782608694,0.15285326086956522,6.919999999999999,81.4,56.9,28.26,588.8,0.0,30,36,30.96,35.52,66,18,0,216,72,78,6,5436,318,198,78,534,174,216,2592,30,0,0,2026-06-25T08:40:23.198813+00:00,17,76986
836675,Pascal Struijk,Leeds United,34,D,26,Netherlands,190.0,Left,premier_league,25/26,17622,204,True,True,2.1756894790602654,49.85699693564862,1.0418794688457609,0.030643513789581203,0.061287027579162406,0.12257405515832481,6.343207354443309,0.023901940755873343,0.09254341164453524,0.0,0.030643513789581203,0.0,0.9499489274770173,0.36772216547497444,0.0,7.63023493360572,0.0,0.0,0.15321756894790603,0.12257405515832481,1.195097037793667,0.9499489274770173,0.15321756894790603,6.789999999999999,88.46999999999998,46.40999999999999,66.67,0.0,0.0,0,6,18.12,4.680000000000001,6,0,0,186,30,12,24,9762,72,426,24,234,186,1242,1494,30,0,0,2026-06-25T08:40:23.198813+00:00,17,76986
1117223,Maxime Estève,Burnley,6,D,24,France,192.0,Left,premier_league,25/26,17622,204,True,True,1.5934627170582225,35.85291113381001,1.0418794688457609,0.0,0.030643513789581203,0.0,6.772216547497446,0.020224719101123598,0.022063329928498465,0.0,0.0,0.0,1.1338100102145046,0.21450459652706844,0.0,6.0980592441266595,0.0,0.0,0.030643513789581203,0.09193054136874361,1.348314606741573,0.30643513789581206,0.030643513789581203,6.64,86.86000000000001,37.96,60.0,0.0,0.0,0,0,4.319999999999999,3.9600000000000004,0,0,0,60,6,6,0,7020,42,312,18,264,222,1326,1194,6,0,0,2026-06-25T08:40:23.198813+00:00,17,76986
793167,Sander Berge,Fulham,43,M,28,Norway,195.0,Right,premier_league,25/26,17466,210,True,True,1.6695293713500516,48.01442803160426,1.0821023703194779,0.03091721058055651,0.09275163174166953,0.09275163174166953,1.5458605290278256,0.046375815870834766,0.04761250429405703,0.0,0.03091721058055651,0.0,0.7729302645139128,0.6492614221916867,0.0,7.698385434558571,0.0,0.0,0.09275163174166953,0.27825489522500857,1.762281003091721,0.46375815870834763,0.15458605290278254,6.8599999999999985,89.82,62.78999999999999,42.85999999999999,0.0,0.0,0,6,9.24,9.0,6,0,0,90,18,18,18,9318,126,324,54,342,150,300,1494,30,0,0,2026-06-25T08:40:23.198813+00:00,17,76986
117777,Granit Xhaka,Sunderland,41,M,33,Switzerland,185.0,Left,premier_league,25/26,17418,204,True,True,4.278332759214606,46.87564588356872,1.0540819841543232,0.18601446779193936,0.2790217016879091,0.0,2.6352049603858076,0.11501894591801586,0.03162245952462969,0.0,0.21701687909059594,0.031002411298656562,0.8990699276610403,1.0540819841543232,0.0,13.300034447123664,0.0,0.0,0.1550120564932828,0.3410265242852222,1.550120564932828,0.6510506372717878,0.2480192903892525,7.330000000000001,83.67,54.98,45.83,2903.0,0.0,6,36,6.119999999999999,22.26,42,0,0,126,30,54,0,9072,204,828,66,300,174,510,2574,48,0,0,2026-06-25T08:40:23.198813+00:00,17,76986
1171539,Noah Sadiki,Sunderland,41,M,21,DR Congo,173.0,Right,premier_league,25/26,17364,198,True,True,1.1817553559087768,29.357290946786453,1.026261230131306,0.031098825155494125,0.0,0.031098825155494125,1.3683483068417415,0.044782308223911535,0.04540428472702142,0.0,0.031098825155494125,0.0,1.0573600552868003,0.5908776779543884,0.0,8.521078092605391,0.0,0.0,0.15549412577747063,0.8396682791983414,1.4305459571527297,0.5597788527988943,0.27988942639944714,6.780000000000001,85.35,46.34,61.36,0.0,0.0,0,6,8.76,8.639999999999999,6,0,0,108,30,0,6,5664,114,228,162,276,204,264,1644,54,0,0,2026-06-25T08:40:23.198813+00:00,17,76986
331209,Bernardo Silva,Manchester City,17,M,31,Portugal,173.0,Left,premier_league,25/26,17340,228,True,True,2.1487889273356404,61.94117647058824,1.1833910034602078,0.12456747404844291,0.2179930795847751,0.03114186851211073,1.0588235294117647,0.12705882352941175,0.07972318339100347,0.0,0.18685121107266436,0.06228373702422146,0.685121107266436,1.4636678200692042,0.0,11.491349480968859,0.0,0.0,0.2179930795847751,0.6539792387543253,1.6816608996539792,0.9342560553633218,0.31141868512110726,6.85,90.2,57.5,42.86,1445.0,0.0,12,24,15.360000000000001,24.479999999999997,36,0,0,180,42,42,6,11934,282,414,126,324,132,204,2214,60,0,0,2026-06-25T08:40:23.198813+00:00,17,76986
362682,Joachim Andersen,Fulham,43,D,30,Denmark,190.0,Right,premier_league,25/26,17304,198,True,True,5.180305131761442,61.10263522884882,1.0298196948682385,0.03120665742024965,0.09361997226074896,0.0624133148404993,7.14632454923717,0.05679611650485437,0.046185852981969484,0.0,0.03120665742024965,0.0,1.1234396671289875,0.21844660194174756,0.0,10.984743411927877,0.03120665742024965,0.0,0.1248266296809986,0.18723994452149792,1.4042995839112342,0.4993065187239944,0.21844660194174756,7.02,86.07,45.86,85.71,0.0,0.0,0,6,8.88,10.92,6,0,0,96,24,18,12,11748,42,996,36,270,216,1374,2112,42,6,0,2026-06-25T08:40:23.198813+00:00,17,76986
964753,Senne Lammens,Manchester United,35,G,23,Belgium,193.0,Right,premier_league,25/26,17280,192,True,True,6.03125,17.375,1.0,0.0,0.0,0.0,0.8125,0.00125,0.0,0.0,0.0,0.0,0.0,0.0,0.0,12.3125,0.0,2.46875,0.0,0.0,0.03125,0.0,0.0,7.01,59.089999999999996,33.79999999999999,0.0,0.0,4.39,0,0,0.0,0.24000000000000002,0,0,0,0,0,0,0,3336,0,1158,0,6,0,156,2364,0,0,474,2026-06-25T08:40:23.198813+00:00,17,76986
945122,Matheus Nunes,Manchester City,17,D,27,Portugal,183.0,Right,premier_league,25/26,17190,204,True,True,1.9162303664921465,60.37696335078534,1.068062827225131,0.15706806282722513,0.18848167539267016,0.0,3.141361256544503,0.07036649214659686,0.01099476439790576,0.0,0.18848167539267016,0.031413612565445025,0.9424083769633508,0.8795811518324608,0.0,12.69109947643979,0.0,0.0,0.06282722513089005,0.8795811518324608,1.7905759162303665,0.2198952879581152,0.15706806282722513,6.95,89.11,51.69,49.120000000000005,2865.0,0.0,6,30,2.1,13.440000000000001,36,0,0,42,12,36,0,11532,168,366,168,342,180,600,2424,30,0,0,2026-06-25T08:40:23.198813+00:00,17,76986
1104986,Alex Scott,Bournemouth,60,M,22,England,178.0,Right,premier_league,25/26,17154,222,True,True,1.6684155299055614,37.208814270724034,1.1647429171038826,0.031479538300104935,0.12591815320041974,0.06295907660020987,2.5498426023084995,0.09286463798530954,0.1199370409233998,0.0,0.12591815320041974,0.0944386149003148,1.1332633788037776,0.8814270724029382,0.0,12.088142707240294,0.0,0.0,0.4092339979013641,0.912906610703043,1.888772298006296,1.3850996852046171,0.15739769150052466,7.059999999999999,84.85,41.09,55.77000000000001,953.0,0.0,18,6,22.86,17.7,24,0,0,264,78,24,12,7092,168,318,174,360,216,486,2304,30,0,0,2026-06-25T08:40:23.198813+00:00,17,76986
555386,Ollie Watkins,Aston Villa,40,F,30,England,179.0,Right,premier_league,25/26,17112,222,True,True,0.12622720897615708,10.918653576437588,1.167601683029453,0.09467040673211781,0.12622720897615708,0.5995792426367461,0.4733520336605891,0.04102384291725105,0.4777699859747546,0.0,0.5995792426367461,0.5049088359046283,0.18934081346423562,0.7258064516129032,0.0,8.867461430575036,0.0,0.0,1.1991584852734922,0.820476858345021,0.694249649368864,2.6192145862552594,0.12622720897615708,6.870000000000001,72.69,50.0,46.42999999999999,178.25,0.0,96,18,90.84,7.8,114,0,0,498,228,24,114,2076,138,24,156,132,36,90,1686,24,0,0,2026-06-25T08:40:23.198813+00:00,17,76986
115365,Lewis Dunk,Brighton & Hove Albion,30,D,34,England,190.0,Right,premier_league,25/26,17064,198,True,True,2.5949367088607596,72.81645569620254,1.0443037974683544,0.0,0.03164556962025317,0.0,4.493670886075949,0.018037974683544303,0.05411392405063292,0.0,0.03164556962025317,0.03164556962025317,0.949367088607595,0.22151898734177217,0.0,6.89873417721519,0.0,0.0,0.0949367088607595,0.12658227848101267,1.1075949367088609,0.759493670886076,0.31645569620253167,6.95,92.34,47.67,100.0,2844.0,0.0,6,0,10.260000000000002,3.4199999999999995,6,0,0,144,18,6,0,13806,42,492,24,210,180,852,1308,60,0,0,2026-06-25T08:40:23.198813+00:00,17,76986
1015267,João Gomes,Wolverhampton,3,M,25,Brazil,176.0,Right,premier_league,25/26,17058,210,True,True,1.2346113260640168,39.412592332043616,1.1079845233907843,0.03165670066830813,0.06331340133661625,0.0,1.4245515300738656,0.0658459373900809,0.040520576855434406,0.0,0.06331340133661625,0.03165670066830813,1.1396412240590925,0.50650721069293,0.0,11.523039043264157,0.0,0.0,0.22159690467815688,1.3612381287372495,3.3872669715089696,0.6014773126978544,0.31656700668308124,6.7700000000000005,85.57,54.17000000000001,64.18,2843.0,0.0,6,6,7.680000000000001,12.48,12,0,0,114,42,12,0,7470,96,234,258,642,216,270,2184,60,0,0,2026-06-25T08:40:23.198813+00:00,17,76986
158263,Emiliano Martínez,Aston Villa,40,G,33,Argentina,195.0,Right,premier_league,25/26,17010,192,True,True,5.555555555555555,28.349206349206348,1.0158730158730158,0.031746031746031744,0.06349206349206349,0.0,0.8571428571428571,0.003492063492063492,0.0,0.0,0.031746031746031744,0.0,0.0,0.06349206349206349,0.0,10.34920634920635,0.0,3.015873015873016,0.0,0.0,0.0,0.0,0.06349206349206349,6.96,73.74,36.01,0.0,0.0,3.52,0,6,0.0,0.66,6,0,0,0,0,12,0,5358,12,1050,0,0,0,162,1956,12,0,570,2026-06-25T08:40:23.198813+00:00,17,76986
931844,Chris Richards,Crystal Palace,7,D,26,USA,188.0,Right,premier_league,25/26,16956,198,True,True,2.1019108280254777,39.554140127388536,1.0509554140127388,0.0,0.03184713375796178,0.03184713375796178,6.242038216560509,0.04394904458598726,0.07515923566878979,0.0,0.03184713375796178,0.03184713375796178,1.3694267515923566,0.28662420382165604,0.0,11.496815286624203,0.0,0.0,0.06369426751592357,0.12738853503184713,1.7515923566878981,0.47770700636942676,0.12738853503184713,6.880000000000001,83.98,37.92999999999999,66.67,2826.0,0.0,6,0,14.159999999999998,8.28,6,0,0,90,12,6,6,7452,54,396,24,330,258,1176,2166,24,0,0,2026-06-25T08:40:23.198813+00:00,17,76986
929132,Jayden Bogle,Leeds United,34,D,25,England,178.0,Right,premier_league,25/26,16854,204,True,True,1.057315770736917,21.594873620505517,1.0893556425774296,0.06407974368102527,0.22427910288358846,0.0961196155215379,2.3389106443574224,0.10124599501601993,0.06760412958348165,0.0,0.0961196155215379,0.032039871840512636,1.0893556425774296,0.6728373086507653,0.0,13.26450694197223,0.0,0.0,0.12815948736205054,0.6087575649697401,2.114631541473834,0.5767176931292275,0.1922392310430758,6.620000000000001,76.23999999999998,36.67,33.33,2809.0,0.0,6,12,12.659999999999998,18.96,18,0,0,108,24,42,18,4044,126,198,114,396,204,438,2484,36,0,0,2026-06-25T08:40:23.198813+00:00,17,76986
987650,Moisés Caicedo,Chelsea,38,M,24,Ecuador,178.0,Right,premier_league,25/26,16812,198,True,True,2.0877944325481796,60.481798715203425,1.0599571734475375,0.032119914346895075,0.1284796573875803,0.032119914346895075,0.899357601713062,0.07644539614561026,0.046252676659528896,0.0,0.1284796573875803,0.09635974304068522,1.8950749464668093,0.6102783725910064,0.0,7.676659528907923,0.032119914346895075,0.0,0.2248394004282655,0.4817987152034261,2.7944325481798713,0.867237687366167,0.3533190578158458,7.15,91.72,64.36,53.57000000000001,934.0,0.0,18,6,8.639999999999999,14.279999999999998,24,0,0,162,42,24,6,11298,114,390,90,522,354,168,1434,66,6,0,2026-06-25T08:40:23.198813+00:00,17,76986
805137,Omar Alderete,Sunderland,41,D,29,Paraguay,187.0,Left,premier_league,25/26,16812,198,True,True,2.5053533190578157,33.95074946466809,1.0599571734475375,0.032119914346895075,0.032119914346895075,0.06423982869379015,6.970021413276231,0.02955032119914347,0.05267665952890792,0.0,0.06423982869379015,0.032119914346895075,1.1563169164882225,0.28907922912205564,0.0,9.603854389721628,0.0,0.0,0.28907922912205564,0.5460385438972163,1.0278372591006424,0.7708779443254817,0.19271948608137043,6.819999999999999,81.06000000000002,40.0,80.94999999999999,2802.0,0.0,6,6,9.84,5.5200000000000005,12,0,0,144,54,6,12,6342,54,468,102,192,216,1302,1794,36,0,0,2026-06-25T08:40:23.198813+00:00,17,76986
913654,Pedro Porro,Tottenham Hotspur,33,D,26,Spain,173.0,Right,premier_league,25/26,16788,204,True,True,4.3102215868477485,35.44674767691208,1.093638313080772,0.06433166547533953,0.2573266619013581,0.0,3.280914939242316,0.14410293066476057,0.03377412437455325,0.0,0.09649749821300929,0.032165832737669764,0.9971408148677627,1.8012866333095068,0.0,20.811293781272337,0.0,0.0,0.2573266619013581,0.6111508220157256,2.4446032880629023,1.0293066476054324,0.32165832737669764,6.8999999999999995,74.97000000000001,45.58,42.220000000000006,2798.0,0.0,6,12,6.3,26.880000000000003,18,0,0,192,48,48,0,6612,336,804,114,456,186,612,3882,60,0,0,2026-06-25T08:40:23.198813+00:00,17,76986
553606,Guglielmo Vicario,Tottenham Hotspur,33,G,29,Italy,194.0,Right,premier_league,25/26,16740,186,True,True,5.064516129032258,23.161290322580644,1.0,0.0,0.0,0.0,1.1935483870967742,0.001935483870967742,0.0,0.0,0.0,0.0,0.0,0.03225806451612903,0.0,11.64516129032258,0.0,2.6774193548387095,0.0,0.0,0.03225806451612903,0.0,0.03225806451612903,6.85,67.04,31.210000000000004,0.0,0.0,-5.22,0,0,0.0,0.36,0,0,0,0,0,0,0,4308,6,942,0,6,0,222,2166,6,0,498,2026-06-25T08:40:23.198813+00:00,17,76986
780014,Nordi Mukiele,Sunderland,41,D,28,France,185.0,Right,premier_league,25/26,16722,192,True,True,1.4854682454251882,30.19375672766415,1.0333692142088267,0.12917115177610333,0.22604951560818082,0.0968783638320775,5.03767491926803,0.08040904198062433,0.06071044133476855,0.0,0.22604951560818082,0.0968783638320775,1.2917115177610332,0.77502691065662,0.0,16.72766415500538,0.0,0.0,0.12917115177610333,0.41980624327233584,2.2282023681377825,0.8396124865446717,0.16146393972012915,6.960000000000001,78.63999999999999,38.02,48.150000000000006,929.0,0.0,18,24,11.279999999999998,14.940000000000001,42,0,0,156,24,42,18,5610,144,276,78,414,240,936,3108,30,0,0,2026-06-25T08:40:23.198813+00:00,17,76986
914309,Iliman Ndiaye,Everton,48,M,26,Senegal,180.0,Right,premier_league,25/26,16716,192,True,True,0.1938262742282843,25.520459440057433,1.0337401292175161,0.09691313711414215,0.22613065326633167,0.09691313711414215,0.6137832017229002,0.14246231155778896,0.21676238334529793,0.0,0.2907394113424264,0.1938262742282843,0.5168700646087581,0.9691313711414214,0.06460875807609476,13.244795405599426,0.0,0.0,0.7106963388370424,2.358219669777459,2.261306532663317,1.3890882986360373,0.06460875807609476,6.870000000000001,83.95,31.579999999999995,54.480000000000004,464.33,0.0,36,18,40.26,26.46,54,12,0,258,132,42,18,4740,180,36,438,420,96,114,2460,12,0,0,2026-06-25T08:40:23.198813+00:00,17,76986
826134,Trevoh Chalobah,Chelsea,38,D,26,England,190.0,Right,premier_league,25/26,16692,204,True,True,1.6175413371675054,68.71315600287564,1.0999281092739037,0.0,0.03235082674335011,0.06470165348670022,5.758447160316319,0.03396836808051761,0.046261682242990654,0.0,0.09705248023005032,0.09705248023005032,1.1322789360172538,0.16175413371675054,0.0,6.01725377426312,0.03235082674335011,0.0,0.16175413371675054,0.22645578720345075,1.1322789360172538,0.5176132278936018,0.09705248023005032,6.94,93.04,40.0,77.78,927.33,0.0,18,0,8.58,6.3,18,0,0,96,30,6,12,12744,30,300,42,210,210,1068,1116,18,6,0,2026-06-25T08:40:23.198813+00:00,17,76986
1035996,André,Wolverhampton,3,M,24,Brazil,176.0,Right,premier_league,25/26,16596,210,True,True,1.9197396963123643,38.98047722342733,1.13882863340564,0.0,0.03253796095444685,0.0,1.6268980477223427,0.03221258134490239,0.016919739696312365,0.0,0.03253796095444685,0.03253796095444685,0.9761388286334056,0.5856832971800434,0.0,7.158351409978308,0.0,0.0,0.03253796095444685,0.6182212581344902,2.668112798264642,0.4880694143167028,0.39045553145336226,6.829999999999999,91.38,68.6,55.88000000000001,2766.0,0.0,6,0,3.12,5.94,6,0,0,90,6,6,0,7188,108,354,114,492,180,300,1320,72,0,0,2026-06-25T08:40:23.198813+00:00,17,76986
924378,Sepp van den Berg,Brentford,50,D,24,Netherlands,192.0,Right,premier_league,25/26,16566,192,True,True,1.727634914885911,41.03947844983701,1.0431003259688518,0.06519377037305324,0.1629844259326331,0.13038754074610648,6.356392611372692,0.04856935892792466,0.10202825063382831,0.0,0.06519377037305324,0.0,0.945309670409272,0.22817819630568634,0.0,5.997826874320898,0.0,0.0,0.22817819630568634,0.03259688518652662,0.7497283592901123,0.7497283592901123,0.06519377037305324,6.8599999999999985,88.54,51.46000000000001,100.0,0.0,0.0,0,12,18.779999999999998,8.94,12,0,0,138,42,30,24,7554,42,318,6,138,174,1170,1104,12,0,0,2026-06-25T08:40:23.198813+00:00,17,76986
998490,Evanilson,Bournemouth,60,F,26,Brazil,181.0,Both,premier_league,25/26,16554,216,True,True,0.13048205871692642,11.612903225806452,1.1743385284523378,0.032620514679231605,0.09786154403769481,0.32620514679231605,0.9459949256977166,0.04860456687205509,0.34545125045306274,0.0,0.22834360275462123,0.19572308807538963,0.26096411743385284,1.0112359550561798,0.0,7.92678506705328,0.0,0.0,0.7176513229430953,0.5219282348677057,0.42406669083001086,2.2834360275462124,0.06524102935846321,6.610000000000001,76.56,50.0,50.0,459.83,0.0,36,6,63.540000000000006,8.94,42,0,0,420,132,18,60,2136,186,24,96,78,48,174,1458,12,0,0,2026-06-25T08:40:23.198813+00:00,17,76986
1006387,Kevin Schade,Brentford,50,M,24,Germany,183.0,Both,premier_league,25/26,16542,210,True,True,0.22850924918389554,11.653971708378672,1.1425462459194777,0.09793253536452666,0.22850924918389554,0.48966267682263326,1.0119695321001088,0.06789989118607181,0.3976060935799782,0.0,0.3590859630032644,0.2611534276387377,0.5875952121871599,0.9466811751904243,0.0,12.66594124047878,0.032644178454842215,0.0,0.7834602829162133,0.6528835690968443,1.338411316648531,1.8607181719260064,0.19586507072905332,6.760000000000001,67.74,38.89,26.67,344.63,0.0,48,18,73.08,12.48,66,0,0,342,144,42,90,2142,174,42,120,246,108,186,2328,36,6,0,2026-06-25T08:40:23.198813+00:00,17,76986
862967,Cody Gakpo,Liverpool FC,44,M,27,Netherlands,193.0,Right,premier_league,25/26,16524,216,True,True,0.4901960784313726,19.248366013071895,1.1764705882352942,0.16339869281045752,0.32679738562091504,0.26143790849673204,0.6862745098039216,0.1532679738562092,0.27647058823529413,0.0,0.39215686274509803,0.22875816993464054,0.42483660130718953,1.7647058823529411,0.0,12.712418300653596,0.0,0.0,0.6862745098039216,1.1111111111111112,0.9150326797385622,2.843137254901961,0.09803921568627451,6.900000000000001,78.53000000000002,57.69,49.28,393.42999999999995,0.0,42,30,50.760000000000005,28.140000000000004,72,0,0,522,126,60,48,3534,324,90,204,168,78,126,2334,18,0,0,2026-06-25T08:40:23.198813+00:00,17,76986
869792,Gabriel Magalhães,Arsenal,42,D,28,Brazil,190.0,Left,premier_league,25/26,16506,192,True,True,2.5517993456924755,49.98909487459105,1.0468920392584515,0.13086150490730644,0.16357688113413305,0.13086150490730644,5.9541984732824424,0.059541984732824425,0.09585605234460197,0.0,0.22900763358778625,0.09814612868047982,0.752453653217012,0.22900763358778625,0.0,7.655398037077426,0.0,0.0,0.22900763358778625,0.03271537622682661,1.243184296619411,0.8833151581243184,0.13086150490730644,7.2700000000000005,88.17,44.57000000000001,50.0,917.0,0.0,18,24,17.580000000000002,10.92,42,0,0,162,42,30,24,9168,42,468,6,228,138,1092,1404,24,0,0,2026-06-25T08:40:23.198813+00:00,17,76986
1020680,Jaidon Anthony,Burnley,6,M,26,England,177.0,Right,premier_league,25/26,16458,222,True,True,0.9515129420342691,23.525337222019687,1.2139992708713088,0.06562158220925993,0.1968647466277798,0.0984323733138899,0.8858913598250091,0.09416697047028802,0.16831935836675171,0.0,0.32810791104629966,0.2624863288370397,0.4921618665694495,1.2139992708713088,0.0,15.125774699234414,0.0,0.0,0.7546481954064892,1.1811884797666787,1.3780532263944585,1.804593510754648,0.13124316441851985,6.780000000000001,79.93,47.54,35.64,342.88,0.0,48,12,30.779999999999998,17.220000000000002,60,0,0,330,138,36,18,4302,222,174,216,252,90,162,2766,24,0,0,2026-06-25T08:40:23.198813+00:00,17,76986
895576,Marcus Tavernier,Bournemouth,60,M,27,England,178.0,Left,premier_league,25/26,16428,204,True,True,0.9861212563915267,30.99707815924032,1.1176040905770637,0.13148283418553688,0.295836376917458,0.26296566837107377,1.2819576333089846,0.1525200876552228,0.2978086194302411,0.03287070854638422,0.36157779401022644,0.23009495982468955,0.5588020452885318,1.8078889700511322,0.06574141709276844,15.252008765522278,0.0,0.0,0.7888970051132214,1.2819576333089846,1.3148283418553688,2.3009495982468957,0.19722425127830534,6.799999999999999,83.60000000000001,38.96,43.82000000000001,391.14000000000004,0.0,42,24,54.36000000000001,27.84,66,12,6,420,144,54,48,5658,330,180,234,240,102,234,2784,36,0,0,2026-06-25T08:40:23.198813+00:00,17,76986
372344,Dominic Calvert-Lewin,Leeds United,34,F,29,England,187.0,Right,premier_league,25/26,16356,210,True,True,0.16507703595011006,8.881144534115922,1.1555392516507705,0.033015407190022016,0.06603081438004403,0.6603081438004402,1.1885546588407925,0.03598679383712399,0.5219735876742481,0.0,0.4952311078503302,0.4622157006603082,0.13206162876008806,0.6603081438004402,0.13206162876008806,11.819515774027881,0.0,0.0,1.1225238444607484,0.2641232575201761,0.3301540719002201,2.443140132061629,0.09904622157006604,6.690000000000001,58.47999999999999,50.0,26.669999999999998,194.71,0.0,84,6,94.86,6.54,90,24,0,444,204,12,120,1614,120,30,48,60,24,216,2148,18,0,0,2026-06-25T08:40:23.198813+00:00,17,76986
1471764,El Hadji Malick Diouf,West Ham United,37,D,21,Senegal,183.0,Left,premier_league,25/26,16266,192,True,True,1.8922906676503137,25.62891921800074,1.0623386204352638,0.16599040944300997,0.16599040944300997,0.0,3.8509774990778314,0.08266322390261897,0.018922906676503135,0.0,0.16599040944300997,0.0,1.0955367023238658,0.9959424566580598,0.0,16.33345628919218,0.0,0.0,0.13279232755440798,0.7635558834378459,1.4607156030984878,0.597565473994836,0.19918849133161196,6.72,74.37,30.650000000000002,48.94,0.0,0.0,0,30,3.4199999999999995,14.940000000000001,30,0,0,108,24,30,0,4632,180,342,138,264,198,696,2952,36,0,0,2026-06-25T08:40:23.198813+00:00,17,76986
794939,Marc Cucurella,Chelsea,38,D,27,Spain,175.0,Left,premier_league,25/26,16260,204,True,True,1.4280442804428044,42.110701107011074,1.1291512915129152,0.13284132841328414,0.19926199261992622,0.033210332103321034,2.88929889298893,0.10660516605166052,0.07804428044280443,0.0,0.16605166051660517,0.033210332103321034,1.062730627306273,1.2952029520295203,0.0,8.800738007380074,0.033210332103321034,0.0,0.19926199261992622,0.033210332103321034,1.826568265682657,0.6642066420664207,0.2656826568265683,6.660000000000001,87.75,47.78,33.33,2710.0,0.0,6,24,14.1,19.26,30,0,0,120,36,36,6,7608,234,258,6,330,192,522,1590,48,6,0,2026-06-25T08:40:23.198813+00:00,17,76986
355528,Harry Wilson,Fulham,43,M,29,Wales,173.0,Left,premier_league,25/26,16146,216,True,True,1.2374581939799332,21.103678929765884,1.2040133779264213,0.23411371237458192,0.26755852842809363,0.033444816053511704,1.605351170568562,0.15986622073578596,0.19498327759197323,0.033444816053511704,0.568561872909699,0.33444816053511706,0.5016722408026756,1.3043478260869565,0.0,10.301003344481606,0.0,0.0,0.8361204013377926,0.6020066889632106,0.9698996655518395,2.608695652173913,0.23411371237458192,7.110000000000002,81.20999999999998,56.919999999999995,54.550000000000004,269.1,0.0,60,42,34.98,28.680000000000003,102,0,6,468,150,48,6,3786,234,222,108,174,90,288,1848,42,0,0,2026-06-25T08:40:23.198813+00:00,17,76986
1031258,Yehor Yarmoliuk,Brentford,50,M,22,Ukraine,180.0,Right,premier_league,25/26,16050,222,True,True,2.2542056074766355,38.22056074766355,1.244859813084112,0.06728971962616823,0.03364485981308411,0.0,1.3794392523364485,0.04676635514018691,0.04037383177570093,0.0,0.10093457943925233,0.03364485981308411,0.9420560747663551,0.5046728971962616,0.0,11.035514018691588,0.0,0.0,0.13457943925233645,0.5046728971962616,2.3551401869158877,0.5383177570093458,0.23551401869158878,6.75,84.34,47.52000000000001,35.71,2675.0,0.0,6,12,7.2,8.34,18,0,0,96,24,6,0,6816,90,402,90,420,168,246,1968,42,0,0,2026-06-25T08:40:23.198813+00:00,17,76986
895324,Alexis Mac Allister,Liverpool FC,44,M,27,Argentina,176.0,Right,premier_league,25/26,16050,222,True,True,1.6149532710280372,41.88785046728972,1.244859813084112,0.13457943925233645,0.13457943925233645,0.06728971962616823,1.1775700934579438,0.0565233644859813,0.1308785046728972,0.0,0.20186915887850465,0.06728971962616823,0.7065420560747663,1.211214953271028,0.0,9.757009345794392,0.0,0.0,0.4037383177570093,0.37009345794392523,1.7831775700934578,1.7495327102803737,0.23551401869158878,6.71,86.58,50.53,40.74,1337.5,0.0,12,24,23.34,10.08,36,0,0,312,72,24,12,7470,216,288,66,318,126,210,1740,42,0,0,2026-06-25T08:40:23.198813+00:00,17,76986
975079,João Pedro,Chelsea,38,F,24,Brazil,182.0,Right,premier_league,25/26,16044,210,True,True,0.37023186237845923,17.56918474195961,1.1780104712041883,0.1682872101720269,0.2019446522064323,0.4038893044128646,0.9087509349289453,0.06731488406881077,0.5035153328347046,0.0,0.6731488406881077,0.5048616305160808,0.23560209424083767,0.9760658189977561,0.0,13.092744951383693,0.0,0.0,0.9424083769633507,1.3462976813762153,0.9087509349289453,2.4569932685115927,0.1682872101720269,7.099999999999999,75.32,50.0,51.279999999999994,178.27,0.0,90,30,89.76000000000002,12.0,120,0,0,438,168,36,72,3132,174,66,240,162,42,162,2334,30,0,0,2026-06-25T08:40:23.198813+00:00,17,76986
78152,Matz Sels,Nottingham Forest,14,G,34,Belgium,188.0,Right,premier_league,25/26,16002,186,True,True,5.061867266591675,15.118110236220472,1.046119235095613,0.0,0.0,0.0,0.8773903262092237,0.003037120359955005,0.0,0.0,0.0,0.0,0.0,0.033745781777277835,0.0,11.541057367829021,0.0,3.2058492688413947,0.0,0.0,0.033745781777277835,0.0,0.06749156355455567,6.780000000000002,57.14,31.120000000000008,0.0,0.0,0.04000000000000001,0,0,0.0,0.5399999999999999,0,0,0,0,0,0,0,2688,6,900,0,6,0,156,2052,12,0,570,2026-06-25T08:40:23.198813+00:00,17,76986
1142703,Nico O'Reilly,Manchester City,17,D,21,England,193.0,Left,premier_league,25/26,15888,204,True,True,0.5777945619335347,39.663897280966765,1.1555891238670695,0.10196374622356495,0.2039274924471299,0.23791540785498488,2.4471299093655587,0.09142749244712992,0.20494712990936556,0.0,0.2719033232628399,0.16993957703927492,0.6797583081570997,0.7817220543806647,0.0,12.507552870090635,0.0,0.0,0.5098187311178248,0.8157099697885196,2.311178247734139,1.3935045317220545,0.16993957703927492,6.870000000000002,86.19000000000001,31.480000000000008,40.68,529.6,0.0,30,18,36.18,16.14,48,0,0,246,90,36,42,7002,138,102,144,408,120,432,2208,30,0,0,2026-06-25T08:40:23.198813+00:00,17,76986
879349,Pedro Neto,Chelsea,38,M,26,Portugal,172.0,Left,premier_league,25/26,15858,204,True,True,1.0215664018161181,27.6844494892168,1.1577752553916005,0.20431328036322363,0.40862656072644726,0.10215664018161182,0.44267877412031786,0.2325766174801362,0.1573212258796822,0.0340522133938706,0.37457434733257666,0.17026106696935303,0.20431328036322363,1.8728717366628833,0.0,14.301929625425654,0.0340522133938706,0.0,0.44267877412031786,1.6004540295119183,0.6469920544835415,1.5664018161180477,0.0681044267877412,6.950000000000001,87.33,66.67,45.19,528.6,0.0,30,36,27.720000000000002,40.98,66,0,6,276,78,72,18,4878,330,180,282,114,36,78,2520,12,6,0,2026-06-25T08:40:23.198813+00:00,17,76986
834308,Gabriel Gudmundsson,Leeds United,34,D,27,Sweden,181.0,Left,premier_league,25/26,15852,192,True,True,1.0219530658591975,24.86752460257381,1.0900832702498109,0.0,0.13626040878122636,0.0,2.8274034822104466,0.09367903103709312,0.03747161241483724,0.0,0.0,0.0,0.9197577592732779,0.7153671461014384,0.0,16.18092354277063,0.03406510219530659,0.0,0.10219530658591976,1.328538985616957,2.2142316426949282,0.6131718395155186,0.13626040878122636,6.629999999999999,76.28,28.57,52.7,0.0,0.0,0,0,6.6,16.5,0,0,0,108,18,24,0,4380,126,180,234,390,162,498,2850,24,6,0,2026-06-25T08:40:23.198813+00:00,17,76986
861970,Kiernan Dewsbury-Hall,Everton,48,M,27,England,178.0,Left,premier_league,25/26,15810,186,True,True,0.7855787476280836,28.89563567362429,1.0588235294117647,0.1366223908918406,0.3415559772296015,0.10246679316888047,0.9563567362428843,0.18375711574952563,0.14721062618595823,0.0,0.40986717267552186,0.2732447817836812,0.40986717267552186,1.2637571157495258,0.0,13.593927893738142,0.0,0.0,0.5123339658444023,0.9222011385199241,1.776091081593928,1.3320683111954459,0.20493358633776093,7.160000000000001,82.46000000000001,34.33,54.0,329.38,0.0,48,24,25.859999999999996,32.28,72,0,0,234,90,60,18,5076,222,138,162,312,72,168,2388,36,0,0,2026-06-25T08:40:23.198813+00:00,17,76986
927083,Bryan Mbeumo,Manchester United,35,F,26,Cameroon,173.0,Left,premier_league,25/26,15726,198,True,True,0.5150705837466616,21.598626478443343,1.1331552842426555,0.10301411674933232,0.20602823349866464,0.4463945059137734,0.4807325448302175,0.1730637161388783,0.4185806943914537,0.0,0.4807325448302175,0.3777184280808852,0.2747043113315529,1.613887829072873,0.0,13.906905761159864,0.0,0.0,1.0988172453262115,0.618084700495994,0.8584509729111027,2.50667684090042,0.13735215566577644,6.84,79.01999999999998,53.57,33.33,238.27,0.0,66,18,73.14,30.24,84,0,0,438,192,36,78,3774,282,90,108,150,48,84,2430,24,0,0,2026-06-25T08:40:23.198813+00:00,17,76986
110846,Michael Keane,Everton,48,D,33,England,188.0,Right,premier_league,25/26,15714,198,True,True,2.0962199312714778,32.371134020618555,1.134020618556701,0.03436426116838488,0.0,0.10309278350515465,6.975945017182131,0.017525773195876285,0.08006872852233678,0.0,0.13745704467353953,0.10309278350515465,1.2714776632302407,0.06872852233676977,0.0,6.4604810996563575,0.03436426116838488,0.0,0.24054982817869416,0.2061855670103093,1.2371134020618557,0.8934707903780069,0.03436426116838488,6.890000000000001,85.48000000000002,47.66,54.54999999999999,873.0,0.0,18,6,13.98,3.0599999999999996,24,0,0,156,42,0,18,5652,12,366,36,216,222,1218,1128,6,6,0,2026-06-25T08:40:23.198813+00:00,17,76986
843200,Diogo Dalot,Manchester United,35,D,27,Portugal,184.0,Right,premier_league,25/26,15696,204,True,True,1.4105504587155964,33.096330275229356,1.1697247706422018,0.10321100917431192,0.1720183486238532,0.13761467889908258,3.165137614678899,0.08841743119266054,0.06880733944954129,0.0,0.13761467889908258,0.034403669724770644,0.9288990825688073,0.9977064220183486,0.0,11.80045871559633,0.0,0.0,0.20642201834862384,0.6192660550458715,1.823394495412844,0.8256880733944953,0.1720183486238532,6.8500000000000005,84.98,61.190000000000005,66.67,2616.0,0.0,6,18,12.0,15.42,24,0,0,144,36,30,24,5772,174,246,108,318,162,552,2058,30,0,0,2026-06-25T08:40:23.198813+00:00,17,76986
941168,William Saliba,Arsenal,42,D,25,France,193.0,Right,premier_league,25/26,15690,186,True,True,2.030592734225621,67.25047801147227,1.0669216061185467,0.0,0.03441682600382409,0.06883365200764818,4.5774378585086035,0.048871892925430205,0.029598470363288717,0.0,0.03441682600382409,0.03441682600382409,0.5850860420650096,0.3441682600382409,0.0,6.332695984703633,0.0,0.0,0.03441682600382409,0.24091778202676864,1.2045889101338432,0.17208413001912046,0.06883365200764818,7.0200000000000005,92.87,50.86,70.0,2615.0,0.0,6,0,5.16,8.52,6,0,0,30,6,6,12,11724,60,354,42,210,102,798,1104,12,0,0,2026-06-25T08:40:23.198813+00:00,17,76986
122951,Casemiro,Manchester United,35,M,34,Brazil,185.0,Right,premier_league,25/26,15558,204,True,True,2.9849595063632854,45.15618974161203,1.180100269957578,0.06941766293868105,0.1388353258773621,0.20825298881604318,2.533744697261859,0.10829155418434247,0.1915927497107597,0.0,0.38179714616274585,0.3123794832240648,1.0759737755495564,1.2495179328962591,0.0,12.807558812186656,0.03470883146934053,0.0,0.6247589664481296,0.20825298881604318,3.1237948322406477,1.8048592364057077,0.3123794832240648,7.219999999999999,81.31000000000002,54.089999999999996,37.5,288.11,0.0,54,12,33.12,18.720000000000002,66,0,0,312,108,24,36,7806,216,516,36,540,186,438,2214,54,6,0,2026-06-25T08:40:23.198813+00:00,17,76986
